{"BACKGROUND": [0.5, 0.5, 0.5], "BICYCLE": [0.0, 0.9239130434782604, 1.0], "BICYCLIST": [1.0, 0.0, 0.16], "BOLLARD": [1.0, 0.918918918918919, 0.0], "BOX_TRUCK": [0.0, 1.0, 0.9065991988193131], "BUS": [0.0, 0.007459505541347444, 1.0], "CONSTRUCTION_CONE": [1.0, 0.0, 0.9205029838022163], "LARGE_VEHICLE": [0.0, 1.0, 0.716845878136201], "MOTORCYCLE": [1.0, 0.0, 0.75], "MOTORCYCLIST": [0.9114997350291467, 1.0, 0.0], "PEDESTRIAN": [0.35485933503836337, 0.0, 1.0], "REGULAR_VEHICLE": [0.0, 1.0, 0.0], "SIGN": [0.36036036036036034, 1.0, 0.0], "STOP_SIGN": [0.7171781756180736, 0.0, 1.0]}