{"BACKGROUND": [0.5, 0.5, 0.5], "BICYCLE": [0.0, 0.9239130434782604, 1.0], "BOLLARD": [1.0, 0.918918918918919, 0.0], "BUS": [0.0, 0.007459505541347444, 1.0], "CONSTRUCTION_BARREL": [0.16304347826086973, 0.0, 1.0], "CONSTRUCTION_CONE": [1.0, 0.0, 0.9205029838022163], "MOTORCYCLE": [1.0, 0.0, 0.75], "MOTORCYCLIST": [0.9114997350291467, 1.0, 0.0], "PEDESTRIAN": [0.35485933503836337, 0.0, 1.0], "REGULAR_VEHICLE": [0.0, 1.0, 0.0], "TRUCK_CAB": [0.5253623188405799, 0.0, 1.0], "VEHICULAR_TRAILER": [0.0, 1.0, 0.5481762597512125]}