{"BACKGROUND": [0.5, 0.5, 0.5], "BOLLARD": [1.0, 0.918918918918919, 0.0], "CONSTRUCTION_CONE": [1.0, 0.0, 0.9205029838022163], "REGULAR_VEHICLE": [0.0, 1.0, 0.0], "SIGN": [0.36036036036036034, 1.0, 0.0], "TRUCK": [1.0, 0.5585585585585586, 0.0], "WHEELED_DEVICE": [0.0, 1.0, 0.3584229390681005]}