{"BACKGROUND": [0.5, 0.5, 0.5], "BOX_TRUCK": [0.0, 1.0, 0.9065991988193131], "BUS": [0.0, 0.007459505541347444, 1.0], "CONSTRUCTION_CONE": [1.0, 0.0, 0.9205029838022163], "PEDESTRIAN": [0.35485933503836337, 0.0, 1.0], "REGULAR_VEHICLE": [0.0, 1.0, 0.0], "SIGN": [0.36036036036036034, 1.0, 0.0]}