{"BACKGROUND": [0.5, 0.5, 0.5], "BICYCLE": [0.0, 0.9239130434782604, 1.0], "BUS": [0.0, 0.007459505541347444, 1.0], "CONSTRUCTION_BARREL": [0.16304347826086973, 0.0, 1.0], "CONSTRUCTION_CONE": [1.0, 0.0, 0.9205029838022163], "DOG": [0.0, 1.0, 0.16866961838498848], "LARGE_VEHICLE": [0.0, 1.0, 0.716845878136201], "PEDESTRIAN": [0.35485933503836337, 0.0, 1.0], "REGULAR_VEHICLE": [0.0, 1.0, 0.0], "STOP_SIGN": [0.7171781756180736, 0.0, 1.0], "STROLLER": [0.0, 0.7320971867007668, 1.0], "TRUCK": [1.0, 0.5585585585585586, 0.0], "WHEELCHAIR": [0.19077901430842603, 1.0, 0.0], "WHEELED_DEVICE": [0.0, 1.0, 0.3584229390681005], "WHEELED_RIDER": [0.0, 0.5615942028985503, 1.0]}