{"BACKGROUND": [0.5, 0.5, 0.5], "BICYCLE": [0.0, 0.9239130434782604, 1.0], "BOLLARD": [1.0, 0.918918918918919, 0.0], "PEDESTRIAN": [0.35485933503836337, 0.0, 1.0], "REGULAR_VEHICLE": [0.0, 1.0, 0.0], "STOP_SIGN": [0.7171781756180736, 0.0, 1.0], "TRUCK": [1.0, 0.5585585585585586, 0.0]}