{"BACKGROUND": [0.5, 0.5, 0.5], "BICYCLE": [0.0, 0.9239130434782604, 1.0], "BOX_TRUCK": [0.0, 1.0, 0.9065991988193131], "CONSTRUCTION_CONE": [1.0, 0.0, 0.9205029838022163], "MOTORCYCLE": [1.0, 0.0, 0.75], "MOTORCYCLIST": [0.9114997350291467, 1.0, 0.0], "PEDESTRIAN": [0.35485933503836337, 0.0, 1.0], "REGULAR_VEHICLE": [0.0, 1.0, 0.0], "STOP_SIGN": [0.7171781756180736, 0.0, 1.0], "STROLLER": [0.0, 0.7320971867007668, 1.0]}