{"BACKGROUND": [0.5, 0.5, 0.5], "BICYCLE": [0.0, 0.9239130434782604, 1.0], "BICYCLIST": [1.0, 0.0, 0.16], "CONSTRUCTION_CONE": [1.0, 0.0, 0.9205029838022163], "DOG": [0.0, 1.0, 0.16866961838498848], "LARGE_VEHICLE": [0.0, 1.0, 0.716845878136201], "PEDESTRIAN": [0.35485933503836337, 0.0, 1.0], "REGULAR_VEHICLE": [0.0, 1.0, 0.0], "SIGN": [0.36036036036036034, 1.0, 0.0], "TRUCK_CAB": [0.5253623188405799, 0.0, 1.0], "VEHICULAR_TRAILER": [0.0, 1.0, 0.5481762597512125]}