{"BACKGROUND": [0.5, 0.5, 0.5], "CONSTRUCTION_CONE": [1.0, 0.0, 0.9205029838022163], "LARGE_VEHICLE": [0.0, 1.0, 0.716845878136201], "PEDESTRIAN": [0.35485933503836337, 0.0, 1.0], "REGULAR_VEHICLE": [0.0, 1.0, 0.0], "SCHOOL_BUS": [0.7207207207207207, 1.0, 0.0], "STROLLER": [0.0, 0.7320971867007668, 1.0], "TRUCK": [1.0, 0.5585585585585586, 0.0]}