{"BACKGROUND": [0.5, 0.5, 0.5], "BOLLARD": [1.0, 0.918918918918919, 0.0], "BUS": [0.0, 0.007459505541347444, 1.0], "CONSTRUCTION_BARREL": [0.16304347826086973, 0.0, 1.0], "LARGE_VEHICLE": [0.0, 1.0, 0.716845878136201], "PEDESTRIAN": [0.35485933503836337, 0.0, 1.0], "REGULAR_VEHICLE": [0.0, 1.0, 0.0], "STOP_SIGN": [0.7171781756180736, 0.0, 1.0], "TRUCK": [1.0, 0.5585585585585586, 0.0], "VEHICULAR_TRAILER": [0.0, 1.0, 0.5481762597512125]}