{"BACKGROUND": [0.5, 0.5, 0.5], "BOLLARD": [1.0, 0.918918918918919, 0.0], "CONSTRUCTION_BARREL": [0.16304347826086973, 0.0, 1.0], "CONSTRUCTION_CONE": [1.0, 0.0, 0.9205029838022163], "MESSAGE_BOARD_TRAILER": [1.0, 0.19819819819819823, 0.0], "MOTORCYCLE": [1.0, 0.0, 0.75], "MOTORCYCLIST": [0.9114997350291467, 1.0, 0.0], "PEDESTRIAN": [0.35485933503836337, 0.0, 1.0], "REGULAR_VEHICLE": [0.0, 1.0, 0.0], "SIGN": [0.36036036036036034, 1.0, 0.0], "WHEELED_DEVICE": [0.0, 1.0, 0.3584229390681005]}