{"BACKGROUND": [0.5, 0.5, 0.5], "ARTICULATED_BUS": [0.8876811594202902, 0.0, 1.0], "BOX_TRUCK": [0.0, 1.0, 0.9065991988193131], "LARGE_VEHICLE": [0.0, 1.0, 0.716845878136201], "PEDESTRIAN": [0.35485933503836337, 0.0, 1.0], "REGULAR_VEHICLE": [0.0, 1.0, 0.0]}