{"BACKGROUND": [0.5, 0.5, 0.5], "BUS": [0.0, 0.007459505541347444, 1.0], "CONSTRUCTION_BARREL": [0.16304347826086973, 0.0, 1.0], "PEDESTRIAN": [0.35485933503836337, 0.0, 1.0], "REGULAR_VEHICLE": [0.0, 1.0, 0.0]}