{"BACKGROUND": [0.5, 0.5, 0.5], "BOLLARD": [1.0, 0.918918918918919, 0.0], "CONSTRUCTION_CONE": [1.0, 0.0, 0.9205029838022163], "PEDESTRIAN": [0.35485933503836337, 0.0, 1.0], "REGULAR_VEHICLE": [0.0, 1.0, 0.0], "STOP_SIGN": [0.7171781756180736, 0.0, 1.0], "TRUCK_CAB": [0.5253623188405799, 0.0, 1.0], "VEHICULAR_TRAILER": [0.0, 1.0, 0.5481762597512125], "WHEELED_DEVICE": [0.0, 1.0, 0.3584229390681005]}