{"BACKGROUND": [0.5, 0.5, 0.5], "DOG": [0.0, 1.0, 0.16866961838498848], "PEDESTRIAN": [0.35485933503836337, 0.0, 1.0], "REGULAR_VEHICLE": [0.0, 1.0, 0.0]}