{"BACKGROUND": [0.5, 0.5, 0.5], "BICYCLE": [0.0, 0.9239130434782604, 1.0], "BOX_TRUCK": [0.0, 1.0, 0.9065991988193131], "DOG": [0.0, 1.0, 0.16866961838498848], "LARGE_VEHICLE": [0.0, 1.0, 0.716845878136201], "MOTORCYCLE": [1.0, 0.0, 0.75], "PEDESTRIAN": [0.35485933503836337, 0.0, 1.0], "REGULAR_VEHICLE": [0.0, 1.0, 0.0]}