{"BACKGROUND": [0.5, 0.5, 0.5], "BICYCLE": [0.0, 0.9239130434782604, 1.0], "BICYCLIST": [1.0, 0.0, 0.16], "BOLLARD": [1.0, 0.918918918918919, 0.0], "BOX_TRUCK": [0.0, 1.0, 0.9065991988193131], "BUS": [0.0, 0.007459505541347444, 1.0], "LARGE_VEHICLE": [0.0, 1.0, 0.716845878136201], "MOTORCYCLE": [1.0, 0.0, 0.75], "MOTORCYCLIST": [0.9114997350291467, 1.0, 0.0], "PEDESTRIAN": [0.35485933503836337, 0.0, 1.0], "REGULAR_VEHICLE": [0.0, 1.0, 0.0], "SIGN": [0.36036036036036034, 1.0, 0.0], "STOP_SIGN": [0.7171781756180736, 0.0, 1.0], "STROLLER": [0.0, 0.7320971867007668, 1.0], "TRUCK": [1.0, 0.5585585585585586, 0.0], "VEHICULAR_TRAILER": [0.0, 1.0, 0.5481762597512125], "WHEELED_DEVICE": [0.0, 1.0, 0.3584229390681005], "WHEELED_RIDER": [0.0, 0.5615942028985503, 1.0]}