{"BACKGROUND": [0.5, 0.5, 0.5], "BOX_TRUCK": [0.0, 1.0, 0.9065991988193131], "CONSTRUCTION_CONE": [1.0, 0.0, 0.9205029838022163], "LARGE_VEHICLE": [0.0, 1.0, 0.716845878136201], "PEDESTRIAN": [0.35485933503836337, 0.0, 1.0], "REGULAR_VEHICLE": [0.0, 1.0, 0.0], "SIGN": [0.36036036036036034, 1.0, 0.0], "STOP_SIGN": [0.7171781756180736, 0.0, 1.0]}