{"BACKGROUND": [0.5, 0.5, 0.5], "VEHICLE": [0.8055113937466878, 1.0, 0.0], "SIGN": [0.0, 1.0, 0.5481762597512125]}