{"BACKGROUND": [0.5, 0.5, 0.5], "BOLLARD": [1.0, 0.918918918918919, 0.0], "BOX_TRUCK": [0.0, 1.0, 0.9065991988193131], "CONSTRUCTION_BARREL": [0.16304347826086973, 0.0, 1.0], "PEDESTRIAN": [0.35485933503836337, 0.0, 1.0], "REGULAR_VEHICLE": [0.0, 1.0, 0.0], "TRUCK_CAB": [0.5253623188405799, 0.0, 1.0], "VEHICULAR_TRAILER": [0.0, 1.0, 0.5481762597512125]}