{"BACKGROUND": [0.5, 0.5, 0.5], "BOX_TRUCK": [0.0, 1.0, 0.9065991988193131], "BUS": [0.0, 0.007459505541347444, 1.0], "CONSTRUCTION_CONE": [1.0, 0.0, 0.9205029838022163], "MOBILE_PEDESTRIAN_CROSSING_SIGN": [1.0, 0.36777954425013254, 0.0], "PEDESTRIAN": [0.35485933503836337, 0.0, 1.0], "REGULAR_VEHICLE": [0.0, 1.0, 0.0], "SCHOOL_BUS": [0.7207207207207207, 1.0, 0.0], "SIGN": [0.36036036036036034, 1.0, 0.0], "STOP_SIGN": [0.7171781756180736, 0.0, 1.0], "STROLLER": [0.0, 0.7320971867007668, 1.0]}