{"BACKGROUND": [0.5, 0.5, 0.5], "BOLLARD": [1.0, 0.918918918918919, 0.0], "BUS": [0.0, 0.007459505541347444, 1.0], "CONSTRUCTION_BARREL": [0.16304347826086973, 0.0, 1.0], "CONSTRUCTION_CONE": [1.0, 0.0, 0.9205029838022163], "REGULAR_VEHICLE": [0.0, 1.0, 0.0], "SIGN": [0.36036036036036034, 1.0, 0.0], "STOP_SIGN": [0.7171781756180736, 0.0, 1.0]}