{"BACKGROUND": [0.5, 0.5, 0.5], "PEDESTRIAN": [0.35485933503836337, 0.0, 1.0], "REGULAR_VEHICLE": [0.0, 1.0, 0.0], "TRUCK": [1.0, 0.5585585585585586, 0.0]}