{"BACKGROUND": [0.5, 0.5, 0.5], "ARTICULATED_BUS": [0.8876811594202902, 0.0, 1.0], "BICYCLE": [0.0, 0.9239130434782604, 1.0], "BICYCLIST": [1.0, 0.0, 0.16], "BOLLARD": [1.0, 0.918918918918919, 0.0], "BOX_TRUCK": [0.0, 1.0, 0.9065991988193131], "BUS": [0.0, 0.007459505541347444, 1.0], "CONSTRUCTION_CONE": [1.0, 0.0, 0.9205029838022163], "PEDESTRIAN": [0.35485933503836337, 0.0, 1.0], "REGULAR_VEHICLE": [0.0, 1.0, 0.0], "SIGN": [0.36036036036036034, 1.0, 0.0], "TRUCK": [1.0, 0.5585585585585586, 0.0]}