{"BACKGROUND": [0.5, 0.5, 0.5], "BOX_TRUCK": [0.0, 1.0, 0.9065991988193131], "CONSTRUCTION_BARREL": [0.16304347826086973, 0.0, 1.0], "CONSTRUCTION_CONE": [1.0, 0.0, 0.9205029838022163], "LARGE_VEHICLE": [0.0, 1.0, 0.716845878136201], "MOBILE_PEDESTRIAN_CROSSING_SIGN": [1.0, 0.36777954425013254, 0.0], "PEDESTRIAN": [0.35485933503836337, 0.0, 1.0], "REGULAR_VEHICLE": [0.0, 1.0, 0.0], "SIGN": [0.36036036036036034, 1.0, 0.0], "STOP_SIGN": [0.7171781756180736, 0.0, 1.0], "TRUCK_CAB": [0.5253623188405799, 0.0, 1.0], "VEHICULAR_TRAILER": [0.0, 1.0, 0.5481762597512125]}