{"BACKGROUND": [0.5, 0.5, 0.5], "PEDESTRIAN": [0.0, 0.09271099744245515, 1.0], "SIGN": [0.0, 1.0, 0.5481762597512125], "CYCLIST": [1.0, 0.0, 0.75]}