{"BACKGROUND": [0.5, 0.5, 0.5], "CONSTRUCTION_CONE": [1.0, 0.0, 0.9205029838022163], "PEDESTRIAN": [0.35485933503836337, 0.0, 1.0], "REGULAR_VEHICLE": [0.0, 1.0, 0.0], "SIGN": [0.36036036036036034, 1.0, 0.0], "STOP_SIGN": [0.7171781756180736, 0.0, 1.0], "TRUCK": [1.0, 0.5585585585585586, 0.0], "WHEELED_DEVICE": [0.0, 1.0, 0.3584229390681005], "WHEELED_RIDER": [0.0, 0.5615942028985503, 1.0]}