{"BACKGROUND": [0.5, 0.5, 0.5], "BICYCLE": [0.0, 0.9239130434782604, 1.0], "BOLLARD": [1.0, 0.918918918918919, 0.0], "BUS": [0.0, 0.007459505541347444, 1.0], "LARGE_VEHICLE": [0.0, 1.0, 0.716845878136201], "PEDESTRIAN": [0.35485933503836337, 0.0, 1.0], "REGULAR_VEHICLE": [0.0, 1.0, 0.0], "STOP_SIGN": [0.7171781756180736, 0.0, 1.0], "STROLLER": [0.0, 0.7320971867007668, 1.0], "VEHICULAR_TRAILER": [0.0, 1.0, 0.5481762597512125], "WHEELCHAIR": [0.19077901430842603, 1.0, 0.0], "WHEELED_RIDER": [0.0, 0.5615942028985503, 1.0]}