{"BACKGROUND": [0.5, 0.5, 0.5], "BOLLARD": [1.0, 0.918918918918919, 0.0], "CONSTRUCTION_CONE": [1.0, 0.0, 0.9205029838022163], "DOG": [0.0, 1.0, 0.16866961838498848], "MOTORCYCLE": [1.0, 0.0, 0.75], "MOTORCYCLIST": [0.9114997350291467, 1.0, 0.0], "PEDESTRIAN": [0.35485933503836337, 0.0, 1.0], "REGULAR_VEHICLE": [0.0, 1.0, 0.0], "STOP_SIGN": [0.7171781756180736, 0.0, 1.0]}