{"BACKGROUND": [0.5, 0.5, 0.5], "VEHICLE": [0.8055113937466878, 1.0, 0.0], "PEDESTRIAN": [0.0, 0.09271099744245515, 1.0], "CYCLIST": [1.0, 0.0, 0.75]}