{"BACKGROUND": [0.5, 0.5, 0.5], "BUS": [0.0, 0.007459505541347444, 1.0], "MOBILE_PEDESTRIAN_CROSSING_SIGN": [1.0, 0.36777954425013254, 0.0], "REGULAR_VEHICLE": [0.0, 1.0, 0.0], "SIGN": [0.36036036036036034, 1.0, 0.0]}