{"BACKGROUND": [0.5, 0.5, 0.5], "BICYCLE": [0.0, 0.9239130434782604, 1.0], "CONSTRUCTION_BARREL": [0.16304347826086973, 0.0, 1.0], "CONSTRUCTION_CONE": [1.0, 0.0, 0.9205029838022163], "LARGE_VEHICLE": [0.0, 1.0, 0.716845878136201], "MOTORCYCLE": [1.0, 0.0, 0.75], "PEDESTRIAN": [0.35485933503836337, 0.0, 1.0], "REGULAR_VEHICLE": [0.0, 1.0, 0.0], "SIGN": [0.36036036036036034, 1.0, 0.0], "STOP_SIGN": [0.7171781756180736, 0.0, 1.0], "VEHICULAR_TRAILER": [0.0, 1.0, 0.5481762597512125]}